id,category,scope,expected_behavior,country,target_country,language,question,current_answer,candidate_answer,current_citations,candidate_citations,current_recall_at_1,candidate_recall_at_1,current_first_relevant_rank,candidate_first_relevant_rank,current_selector_success,candidate_selector_success,current_expectation_met,candidate_expectation_met,human_current_score,human_candidate_score,reviewer_notes
PARA-INTL-UK-026,International Sponsoring,global_directory,answer,GB,,en,"From the UK, how would I go about signing someone up in another country?",The approved policy documents currently available do not contain enough information to answer this question clearly. Please rephrase the question or contact Forever Living support for an official answer.,"To sponsor someone internationally from the UK, here's the process:

**The main steps are:**

1. **Contact the Head Office** – Reach out to either the UK Head Office or the Head Office of the country where you want to sponsor them.

2. **Request international sponsoring** – Tell them you want to internationally sponsor someone into that country.

3. **They'll use your original ID number** – The person you sponsor will keep your ID number across all countries they're sponsored into.

4. **Your sponsorship carries over** – You remain their sponsor (as shown on their first accepted application form), unless there's a re-sponsorship or a Preferred Customer 6-month sponsor change.

5. **They start at your current sales level** – The new FBO automatically begins at whatever sales level you've currently attained.

For the **UK office contact details**:
- **Email:** businessownersupport-uk@flp.ltd
- **Phone:** +44 1926 626 629

They can guide you through the specific requirements for the country you're targeting and help with any paperwork needed.

Office & Product Center Address: Longbridge Manor Longbridge",,UK-EN-Company-Policy.pdf - Sec 15: International Sponsoring Policies | 15 | UK,True,False,1,2,True,True,False,True,,,
